review_count,time
10000,1.0101473331451416
20000,1.4973158836364746
30000,1.6815094947814941
40000,1.849778652191162
50000,2.5857059955596924
60000,2.8901631832122803
70000,3.0213897228240967
80000,3.5261356830596924
90000,3.866307020187378
100000,4.0603063106536865
