review_count,time
10000,27.019185304641724
20000,30.743404865264893
30000,48.46622061729431
40000,57.99711751937866
50000,56.310222148895264
60000,70.25637006759644
70000,88.68928503990173
80000,102.1158094406128
90000,140.95560026168823
100000,148.93382382392883
